{"cameraMode":{"drawMode":0,"name":"Shaded","section":"Shading Mode"},"sceneLighting":true,"audioPlay":false,"sceneViewState":{"showFog":true,"showMaterialUpdate":false,"showSkybox":true,"showFlares":true,"showImageEffects":true,"showParticleSystems":true},"in2DMode":false,"pivot":{"x":-0.22177571058273316,"y":29.189746856689454,"z":-8.663620948791504},"rotation":{"x":0.22394567728042603,"y":0.017540788277983667,"z":-0.004033368080854416,"w":0.9744358658790588},"size":5.077768325805664,"orthographic":false}