{"cameraMode":{"drawMode":0,"name":"Shaded","section":"Shading Mode"},"sceneLighting":true,"audioPlay":false,"sceneViewState":{"showFog":true,"showMaterialUpdate":false,"showSkybox":true,"showFlares":true,"showImageEffects":true,"showParticleSystems":true},"in2DMode":false,"pivot":{"x":3.610581398010254,"y":30.731037139892579,"z":-2.087846040725708},"rotation":{"x":-0.07972129434347153,"y":0.011658702045679093,"z":-0.0009443342569284141,"w":-0.996772289276123},"size":5.15770149230957,"orthographic":false}