{"cameraMode":{"drawMode":0,"name":"Shaded","section":"Shading Mode"},"sceneLighting":true,"audioPlay":false,"sceneViewState":{"showFog":true,"showMaterialUpdate":false,"showSkybox":true,"showFlares":true,"showImageEffects":true,"showParticleSystems":true},"in2DMode":false,"pivot":{"x":-3.0171079635620119,"y":32.40876007080078,"z":-2.0414862632751467},"rotation":{"x":-0.14820320904254914,"y":0.1415901482105255,"z":-0.021453239023685457,"w":-0.9785577654838562},"size":0.5926049947738648,"orthographic":false}

