{"cameraMode":{"drawMode":0,"name":"Shaded","section":"Shading Mode"},"sceneLighting":true,"audioPlay":false,"sceneViewState":{"showFog":true,"showMaterialUpdate":false,"showSkybox":true,"showFlares":true,"showImageEffects":true,"showParticleSystems":true},"in2DMode":false,"pivot":{"x":4.240339279174805,"y":31.10443687438965,"z":-12.281231880187989},"rotation":{"x":0.0043988642282783989,"y":0.21080276370048524,"z":-0.0009486218332313001,"w":0.977518618106842},"size":4.9448161125183109,"orthographic":false}