{"cameraMode":{"drawMode":0,"name":"Shaded","section":"Shading Mode"},"sceneLighting":true,"audioPlay":false,"sceneViewState":{"showFog":true,"showMaterialUpdate":false,"showSkybox":true,"showFlares":true,"showImageEffects":true,"showParticleSystems":true},"in2DMode":false,"pivot":{"x":0.7832940816879273,"y":34.37754821777344,"z":-10.277835845947266},"rotation":{"x":-0.18961046636104585,"y":0.11048896610736847,"z":-0.021478507667779924,"w":-0.9753884673118591},"size":3.3073947429656984,"orthographic":false}