{"cameraMode":{"drawMode":0,"name":"Shaded","section":"Shading Mode"},"sceneLighting":true,"audioPlay":false,"sceneViewState":{"showFog":true,"showMaterialUpdate":false,"showSkybox":true,"showFlares":true,"showImageEffects":true,"showParticleSystems":true},"in2DMode":false,"pivot":{"x":2.106450319290161,"y":-0.07329002767801285,"z":-1.4851632118225098},"rotation":{"x":-0.026466859504580499,"y":0.9662425518035889,"z":-0.23116132616996766,"w":-0.11063194274902344},"size":5.103240966796875,"orthographic":true}